﻿<Module>
    <Name value="DoF Admin Tools"/>
    <Id value="DoFAdminTools"/>
    <Version value="v2.1.0"/>
    <ModuleCategory value="Server"/>
    <SubModules>
        <SubModule>
            <Name value="DoFAdminTools"/>
            <DLLName value="DoFAdminTools.dll"/>
            <SubModuleClassType value="DoFAdminTools.DoFSubModule"/>

            <Tags>
                <Tag key="DedicatedServerType" value="custom" />
                <Tag key="PlayerHostedDedicatedServer" value="true" />
            </Tags>
        </SubModule>
    </SubModules>
</Module>